{"eval/loss": 0.9210927486419678, "eval/runtime": 0.2236, "eval/samples_per_second": 4472.054, "eval/steps_per_second": 71.553, "train/epoch": 20.0, "train/global_step": 1260, "_timestamp": 1744196048.668372, "_runtime": 119.35962080955505, "_step": 32, "train/loss": 0.9388, "train/grad_norm": 0.7975682020187378, "train/learning_rate": 2.6455026455026453e-05, "train_runtime": 83.8355, "train_samples_per_second": 954.249, "train_steps_per_second": 15.029, "total_flos": 10667950080000.0, "train_loss": 1.809448087783087, "_wandb": {"runtime": 95}}