{"eval/loss": 1.0297212600708008, "eval/runtime": 0.2248, "eval/samples_per_second": 4447.863, "eval/steps_per_second": 71.166, "train/epoch": 20.0, "train/global_step": 1260, "_timestamp": 1744192016.016871, "_runtime": 99.90898299217224, "_step": 32, "train/loss": 0.2232, "train/grad_norm": 1.2540616989135742, "train/learning_rate": 2.6455026455026453e-05, "train_runtime": 99.9209, "train_samples_per_second": 800.633, "train_steps_per_second": 12.61, "total_flos": 30372003840000.0, "train_loss": 0.419300111134847, "_wandb": {"runtime": 98}}